--datos de prueba de la tabla uk_user

insert into uk_user (user_id, user_name, name, last_name, password, email, phone, status, tx_host, tx_date, tx_username) values (1, 'admin', 'Juan', 'Balderson', '123456', 'admin@gmail.com', '23128267', true, '113.41.117.248', '2021-09-12', 'admin');
insert into uk_user (user_id, user_name, name, last_name, password, email, phone, status, tx_host, tx_date, tx_username) values (2, 'tutor', 'Northrop', 'Falvey', '123456', 'tutor@gmail.com', '7012909', true, '73.70.4.145', '2021-01-07', 'tutor');
insert into uk_user (user_id, user_name, name, last_name, password, email, phone, status, tx_host, tx_date, tx_username) values (3, 'student', 'Genia', 'Pyson', '123456', 'student@gmail.com', '1183159', true, '192.251.118.6', '2019-09-18', 'student');
insert into uk_user (user_id, user_name, name, last_name, password, email, phone, status, tx_host, tx_date, tx_username) values (4, 'ccorwood3', 'Cordula', 'Corwood', 'ejap50sC1M', 'ccorwood3@smugmug.com', '7047687', true, '155.94.19.16', '2020-02-14', 'ccorwood3');
insert into uk_user (user_id, user_name, name, last_name, password, email, phone, status, tx_host, tx_date, tx_username) values (5, 'cmeert4', 'Corinna', 'Meert', '9k8naW66h', 'cmeert4@hatena.ne.jp', '1367529', false, '82.202.99.220', '2022-03-27', 'cmeert4');
insert into uk_user (user_id, user_name, name, last_name, password, email, phone, status, tx_host, tx_date, tx_username) values (6, 'odrohane5', 'Onfroi', 'Drohane', 'p1vl4TJwS', 'odrohane5@sourceforge.net', '1498395', false, '164.161.144.66', '2022-09-11', 'odrohane5');
insert into uk_user (user_id, user_name, name, last_name, password, email, phone, status, tx_host, tx_date, tx_username) values (7, 'qlauga6', 'Queenie', 'Lauga', '4f0eZFlIe', 'qlauga6@1688.com', '6054081', false, '225.218.189.174', '2021-02-15', 'qlauga6');
insert into uk_user (user_id, user_name, name, last_name, password, email, phone, status, tx_host, tx_date, tx_username) values (8, 'cargent7', 'Carolynn', 'Argent', 'mT5sc50H7exQ', 'cargent7@comsenz.com', '4218812', true, '77.196.52.118', '2022-07-13', 'cargent7');
insert into uk_user (user_id, user_name, name, last_name, password, email, phone, status, tx_host, tx_date, tx_username) values (9, 'bkristoffersen8', 'Betteanne', 'Kristoffersen', 'QS6HOrvInDL', 'bkristoffersen8@discovery.com', '5812693', true, '181.128.236.150', '2021-06-05', 'bkristoffersen8');
insert into uk_user (user_id, user_name, name, last_name, password, email, phone, status, tx_host, tx_date, tx_username) values (10, 'rnorcott9', 'Rozalin', 'Norcott', 'bEVeprcuOc8', 'rnorcott9@baidu.com', '1321988', true, '117.103.28.152', '2021-10-02', 'rnorcott9');
insert into uk_user (user_id, user_name, name, last_name, password, email, phone, status, tx_host, tx_date, tx_username) values (11, 'gbendika', 'Gabriella', 'Bendik', 'ch614u', 'gbendika@ucla.edu', '9136548', false, '48.136.234.199', '2022-02-24', 'gbendika');
insert into uk_user (user_id, user_name, name, last_name, password, email, phone, status, tx_host, tx_date, tx_username) values (12, 'aeggersb', 'Arlee', 'Eggers', 'qcygqKg', 'aeggersb@msn.com', '2444450', true, '182.219.48.21', '2020-07-15', 'aeggersb');
insert into uk_user (user_id, user_name, name, last_name, password, email, phone, status, tx_host, tx_date, tx_username) values (13, 'pkewardc', 'Philippine', 'Keward', 'ebNZQzDwDnPw', 'pkewardc@creativecommons.org', '2777992', true, '223.175.24.82', '2021-05-05', 'pkewardc');
insert into uk_user (user_id, user_name, name, last_name, password, email, phone, status, tx_host, tx_date, tx_username) values (14, 'wwillimontd', 'Wallis', 'Willimont', '70rvBdgTDv6', 'wwillimontd@vkontakte.ru', '6848405', true, '57.27.225.200', '2019-12-01', 'wwillimontd');
insert into uk_user (user_id, user_name, name, last_name, password, email, phone, status, tx_host, tx_date, tx_username) values (15, 'rmacturloughe', 'Rhianna', 'MacTurlough', 'AAnnZq', 'rmacturloughe@nps.gov', '7363482', false, '254.121.68.235', '2020-04-29', 'rmacturloughe');
insert into uk_user (user_id, user_name, name, last_name, password, email, phone, status, tx_host, tx_date, tx_username) values (16, 'smeddowsf', 'Samuele', 'Meddows', 'anVc3k7QNr', 'smeddowsf@ihg.com', '6284487', false, '226.249.1.35', '2020-11-17', 'smeddowsf');
insert into uk_user (user_id, user_name, name, last_name, password, email, phone, status, tx_host, tx_date, tx_username) values (17, 'gveschambesg', 'Geoff', 'Veschambes', 's60vfYqQ', 'gveschambesg@economist.com', '1901453', false, '28.79.216.174', '2019-09-26', 'gveschambesg');
insert into uk_user (user_id, user_name, name, last_name, password, email, phone, status, tx_host, tx_date, tx_username) values (18, 'srockeyh', 'Sharona', 'Rockey', 'HfyI3OaVQl', 'srockeyh@state.gov', '3491511', true, '112.108.140.189', '2022-04-07', 'srockeyh');
insert into uk_user (user_id, user_name, name, last_name, password, email, phone, status, tx_host, tx_date, tx_username) values (19, 'cfabrii', 'Curtis', 'Fabri', 'N2hOqJi8mKQ5', 'cfabrii@cbslocal.com', '6232696', true, '119.34.166.181', '2021-05-24', 'cfabrii');
insert into uk_user (user_id, user_name, name, last_name, password, email, phone, status, tx_host, tx_date, tx_username) values (20, 'rschwandermannj', 'Roman', 'Schwandermann', 'xrnJWz', 'rschwandermannj@discovery.com', '9981500701', false, '51.127.205.226', '2021-01-12', 'rschwandermannj');
insert into uk_user (user_id, user_name, name, last_name, password, email, phone, status, tx_host, tx_date, tx_username) values (21, 'kgallok', 'Kathy', 'Gallo', 'LMOETEx', 'kgallok@pbs.org', '9776700', true, '21.228.33.47', '2020-12-14', 'kgallok');
insert into uk_user (user_id, user_name, name, last_name, password, email, phone, status, tx_host, tx_date, tx_username) values (22, 'mpolhilll', 'Maddy', 'Polhill', '61r5Y6XKi', 'mpolhilll@cloudflare.com', '5292307', true, '217.113.27.188', '2021-06-23', 'mpolhilll');
insert into uk_user (user_id, user_name, name, last_name, password, email, phone, status, tx_host, tx_date, tx_username) values (23, 'inaisbetm', 'Imogen', 'Naisbet', '4w7tRHRG', 'inaisbetm@free.fr', '8684581', false, '49.150.79.109', '2019-06-22', 'inaisbetm');
insert into uk_user (user_id, user_name, name, last_name, password, email, phone, status, tx_host, tx_date, tx_username) values (24, 'sgooddingn', 'Stanwood', 'Goodding', 'Lwd6VhJRqO', 'sgooddingn@example.com', '7534485', false, '239.111.176.197', '2019-05-06', 'sgooddingn');
insert into uk_user (user_id, user_name, name, last_name, password, email, phone, status, tx_host, tx_date, tx_username) values (25, 'sbowllero', 'Star', 'Bowller', '4TewteFB6WKd', 'sbowllero@dagondesign.com', '5268174', false, '39.42.21.212', '2022-01-07', 'sbowllero');
insert into uk_user (user_id, user_name, name, last_name, password, email, phone, status, tx_host, tx_date, tx_username) values (26, 'jturnpennyp', 'Jobina', 'Turnpenny', 'EGFktggPY', 'jturnpennyp@cam.ac.uk', '8415539', true, '239.200.75.234', '2021-06-30', 'jturnpennyp');
insert into uk_user (user_id, user_name, name, last_name, password, email, phone, status, tx_host, tx_date, tx_username) values (27, 'tandrelliq', 'Town', 'Andrelli', 'ewmoPm', 'tandrelliq@cbslocal.com', '8503008', false, '46.108.43.226', '2019-09-19', 'tandrelliq');
insert into uk_user (user_id, user_name, name, last_name, password, email, phone, status, tx_host, tx_date, tx_username) values (28, 'rmurdyr', 'Rodney', 'Murdy', 'U6caJvpB8', 'rmurdyr@yelp.com', '1118025', true, '159.7.140.95', '2022-04-10', 'rmurdyr');
insert into uk_user (user_id, user_name, name, last_name, password, email, phone, status, tx_host, tx_date, tx_username) values (29, 'shamlens', 'Sayre', 'Hamlen', 'r1mIPF', 'shamlens@slate.com', '1118070', true, '59.85.240.50', '2019-10-12', 'shamlens');
insert into uk_user (user_id, user_name, name, last_name, password, email, phone, status, tx_host, tx_date, tx_username) values (30, 'lduxbarryt', 'Lammond', 'Duxbarry', 'YkVf2f', 'lduxbarryt@spotify.com', '6809356', false, '75.122.101.83', '2019-11-03', 'lduxbarryt');


--datos de prueba de la tabla uk_group

insert into uk_group (group_id, name, description, status, tx_date, tx_username, tx_host) values (1, 'Admin', 'Domainer', true, '2021-10-18', 'admin', '97.98.194.97');
insert into uk_group (group_id, name, description, status, tx_date, tx_username, tx_host) values (2, 'Driver', 'Zaam-Dox', true, '2021-04-18', 'admin', '132.208.47.9');
insert into uk_group (group_id, name, description, status, tx_date, tx_username, tx_host) values (3, 'Student', 'Hatity', true, '2021-12-19', 'admin', '221.80.167.240');
insert into uk_group (group_id, name, description, status, tx_date, tx_username, tx_host) values (4, 'Tutor', 'Hatity', true, '2021-12-19', 'admin', '221.80.167.240');

--datos de prueba de la tabla uk_role

insert into uk_role (role_id, name, description, status, tx_date, tx_username, tx_host) values (1, 'create user', '', true, '2021-04-29', 'admin', '106.131.153.251');
insert into uk_role (role_id, name, description, status, tx_date, tx_username, tx_host) values (2, 'edit user', '',  true, '2018-02-20', 'admin', '144.245.190.106');
insert into uk_role (role_id, name, description, status, tx_date, tx_username, tx_host) values (3, 'delete user', '',  true, '2019-11-26', 'admin', '124.160.123.62');
insert into uk_role (role_id, name, description, status, tx_date, tx_username, tx_host) values (4, 'schedule trip ', '',  true, '2022-09-11', 'admin', '100.55.43.86');
insert into uk_role (role_id, name, description, status, tx_date, tx_username, tx_host) values (5, 'cancel trip', '',  true, '2022-09-23', 'admin', '217.25.182.61');
insert into uk_role (role_id, name, description, status, tx_date, tx_username, tx_host) values (6, 'choose driver', '',  true, '2022-09-23', 'admin', '217.25.182.61');
insert into uk_role (role_id, name, description, status, tx_date, tx_username, tx_host) values (7, 'choose payment type', '',  true, '2021-04-29', 'admin', '106.131.153.251');
insert into uk_role (role_id, name, description, status, tx_date, tx_username, tx_host) values (8, 'pay with credit card', '', true, '2018-02-20', 'admin', '144.245.190.106');
insert into uk_role (role_id, name, description, status, tx_date, tx_username, tx_host) values (9, 'pay cash', '',  true, '2019-11-26', 'admin', '124.160.123.62');
insert into uk_role (role_id, name, description, status, tx_date, tx_username, tx_host) values (10, 'edit driver', '', true, '2019-11-26', 'admin', '124.160.123.62');
insert into uk_role (role_id, name, description, status, tx_date, tx_username, tx_host) values (11, 'remove driver', '', true, '2022-09-11', 'admin', '100.55.43.86');
insert into uk_role (role_id, name, description, status, tx_date, tx_username, tx_host) values (12, 'register driver', '', true, '2022-09-23', 'admin', '217.25.182.61');
insert into uk_role (role_id, name, description, status, tx_date, tx_username, tx_host) values (13, 'edit driver', '', true, '2019-11-26', 'admin', '124.160.123.62');
insert into uk_role (role_id, name, description, status, tx_date, tx_username, tx_host) values (14, 'remove driver', '', true, '2022-09-11', 'admin', '100.55.43.86');
insert into uk_role (role_id, name, description, status, tx_date, tx_username, tx_host) values (15, 'register driver', '', true, '2022-09-23', 'admin', '217.25.182.61');
insert into uk_role (role_id, name, description, status, tx_date, tx_username, tx_host) values (16, 'edit car', '', true, '2019-11-26', 'admin', '124.160.123.62');
insert into uk_role (role_id, name, description, status, tx_date, tx_username, tx_host) values (17, 'remove car', '', true, '2022-09-11', 'admin', '100.55.43.86');
insert into uk_role (role_id, name, description, status, tx_date, tx_username, tx_host) values (18, 'register car', '', true, '2022-09-23', 'admin', '217.25.182.61');
insert into uk_role (role_id, name, description, status, tx_date, tx_username, tx_host) values (19, 'user register', '', true, '2019-11-26', 'admin', '124.160.123.62');
insert into uk_role (role_id, name, description, status, tx_date, tx_username, tx_host) values (20, 'car registration', '', true, '2022-09-11', 'admin', '100.55.43.86');
insert into uk_role (role_id, name, description, status, tx_date, tx_username, tx_host) values (21, 'register driver', '', true, '2022-09-23', 'admin', '217.25.182.61');
insert into uk_role (role_id, name, description, status, tx_date, tx_username, tx_host) values (22, 'travel story', '', true, '2019-11-26', 'admin', '124.160.123.62');
insert into uk_role (role_id, name, description, status, tx_date, tx_username, tx_host) values (23, 'register credit card', '', true, '2022-09-11', 'admin', '100.55.43.86');
insert into uk_role (role_id, name, description, status, tx_date, tx_username, tx_host) values (24, 'edit credit card', '', true, '2022-09-23', 'admin', '217.25.182.61');
insert into uk_role (role_id, name, description, status, tx_date, tx_username, tx_host) values (25, 'remove credit card', '', true, '2022-09-23', 'admin', '217.25.182.61');

--datos de prueba de la tabla uk_role_group

insert into uk_role_group (role_group_id, group_id, role_id, status, tx_date, tx_username, tx_host) values (1, 3, 12, false, '2020-07-23', 'gthayre0', '87.142.240.80');
insert into uk_role_group (role_group_id, group_id, role_id, status, tx_date, tx_username, tx_host) values (2, 1, 2, false, '2019-07-19', 'atoretta1', '219.97.124.22');
insert into uk_role_group (role_group_id, group_id, role_id, status, tx_date, tx_username, tx_host) values (3, 3, 1, true, '2022-03-02', 'cmulder2', '48.128.169.77');
insert into uk_role_group (role_group_id, group_id, role_id, status, tx_date, tx_username, tx_host) values (4, 1, 8, false, '2022-01-22', 'owinks3', '82.225.118.250');
insert into uk_role_group (role_group_id, group_id, role_id, status, tx_date, tx_username, tx_host) values (5, 1, 16, true, '2020-10-03', 'fmcgilvary4', '0.41.230.253');
insert into uk_role_group (role_group_id, group_id, role_id, status, tx_date, tx_username, tx_host) values (6, 3, 9, true, '2021-06-29', 'hchildes5', '49.184.119.70');
insert into uk_role_group (role_group_id, group_id, role_id, status, tx_date, tx_username, tx_host) values (7, 1, 24, true, '2022-04-06', 'cniemetz6', '46.70.142.15');
insert into uk_role_group (role_group_id, group_id, role_id, status, tx_date, tx_username, tx_host) values (8, 2, 2, true, '2022-01-20', 'gglandon7', '243.90.132.233');
insert into uk_role_group (role_group_id, group_id, role_id, status, tx_date, tx_username, tx_host) values (9, 2, 3, false, '2021-01-16', 'svynall8', '112.202.147.88');
insert into uk_role_group (role_group_id, group_id, role_id, status, tx_date, tx_username, tx_host) values (10, 3, 24, false, '2021-01-17', 'gwhatsize9', '242.251.4.70');
insert into uk_role_group (role_group_id, group_id, role_id, status, tx_date, tx_username, tx_host) values (11, 1, 7, true, '2019-02-09', 'sslydea', '196.229.221.168');
insert into uk_role_group (role_group_id, group_id, role_id, status, tx_date, tx_username, tx_host) values (12, 4, 19, true, '2020-07-09', 'mtschierschb', '49.203.66.115');
insert into uk_role_group (role_group_id, group_id, role_id, status, tx_date, tx_username, tx_host) values (13, 4, 7, true, '2022-10-07', 'abalfec', '182.90.155.134');
insert into uk_role_group (role_group_id, group_id, role_id, status, tx_date, tx_username, tx_host) values (14, 1, 4, false, '2022-04-20', 'frawlynsd', '102.87.215.48');
insert into uk_role_group (role_group_id, group_id, role_id, status, tx_date, tx_username, tx_host) values (15, 1, 8, false, '2022-10-27', 'jmcgeechane', '193.142.13.203');
insert into uk_role_group (role_group_id, group_id, role_id, status, tx_date, tx_username, tx_host) values (16, 3, 4, false, '2022-02-12', 'sgiaomozzof', '205.123.214.71');
insert into uk_role_group (role_group_id, group_id, role_id, status, tx_date, tx_username, tx_host) values (17, 4, 20, false, '2022-04-13', 'tbrydeg', '78.250.158.178');
insert into uk_role_group (role_group_id, group_id, role_id, status, tx_date, tx_username, tx_host) values (18, 1, 4, true, '2019-03-02', 'lkynndh', '4.207.156.16');
insert into uk_role_group (role_group_id, group_id, role_id, status, tx_date, tx_username, tx_host) values (19, 3, 2, true, '2021-07-15', 'cespadasi', '42.156.41.149');
insert into uk_role_group (role_group_id, group_id, role_id, status, tx_date, tx_username, tx_host) values (20, 1, 1, false, '2021-02-03', 'cglowackij', '242.35.236.170');
insert into uk_role_group (role_group_id, group_id, role_id, status, tx_date, tx_username, tx_host) values (21, 1, 11, true, '2019-07-18', 'dtiesmank', '35.187.102.150');
insert into uk_role_group (role_group_id, group_id, role_id, status, tx_date, tx_username, tx_host) values (22, 2, 10, false, '2022-01-05', 'ndelortl', '88.111.77.76');
insert into uk_role_group (role_group_id, group_id, role_id, status, tx_date, tx_username, tx_host) values (23, 4, 18, false, '2021-04-10', 'dquilleashm', '241.29.23.110');
insert into uk_role_group (role_group_id, group_id, role_id, status, tx_date, tx_username, tx_host) values (24, 1, 12, true, '2021-11-19', 'kswindelln', '124.148.234.39');
insert into uk_role_group (role_group_id, group_id, role_id, status, tx_date, tx_username, tx_host) values (25, 1, 8, true, '2020-08-25', 'gpendreo', '190.129.173.42');
insert into uk_role_group (role_group_id, group_id, role_id, status, tx_date, tx_username, tx_host) values (26, 3, 24, true, '2021-06-07', 'bonyonp', '213.104.214.119');
insert into uk_role_group (role_group_id, group_id, role_id, status, tx_date, tx_username, tx_host) values (27, 3, 10, false, '2019-12-23', 'ggillbeyq', '5.44.161.240');
insert into uk_role_group (role_group_id, group_id, role_id, status, tx_date, tx_username, tx_host) values (28, 1, 5, false, '2022-10-24', 'gmccromleyr', '143.19.159.72');
insert into uk_role_group (role_group_id, group_id, role_id, status, tx_date, tx_username, tx_host) values (29, 2, 12, false, '2020-07-22', 'jchases', '53.64.168.154');
insert into uk_role_group (role_group_id, group_id, role_id, status, tx_date, tx_username, tx_host) values (30, 3, 4, false, '2021-12-13', 'ewinleyt', '181.139.52.249');

--datos de prueba de la tabla uk_group_user

insert into uk_group_user (group_user_id, user_id, group_id, status, tx_date, tx_username, tx_host) values (1, 19, 3, true, '2021-04-30', 'elippiello0', '172.15.229.246');
insert into uk_group_user (group_user_id, user_id, group_id, status, tx_date, tx_username, tx_host) values (2, 27, 4, false, '2022-01-22', 'jbras1', '174.76.104.195');
insert into uk_group_user (group_user_id, user_id, group_id, status, tx_date, tx_username, tx_host) values (3, 23, 1, false, '2020-01-25', 'slalevee2', '229.43.70.166');
insert into uk_group_user (group_user_id, user_id, group_id, status, tx_date, tx_username, tx_host) values (4, 28, 3, true, '2021-02-09', 'cloffill3', '182.207.87.165');
insert into uk_group_user (group_user_id, user_id, group_id, status, tx_date, tx_username, tx_host) values (5, 24, 1, true, '2021-07-28', 'ctocknell4', '249.251.22.23');
insert into uk_group_user (group_user_id, user_id, group_id, status, tx_date, tx_username, tx_host) values (6, 5, 3, true, '2020-05-05', 'lgarm5', '148.86.251.59');
insert into uk_group_user (group_user_id, user_id, group_id, status, tx_date, tx_username, tx_host) values (7, 8, 2, false, '2022-03-13', 'gderyebarrett6', '196.193.17.163');
insert into uk_group_user (group_user_id, user_id, group_id, status, tx_date, tx_username, tx_host) values (8, 1, 2, true, '2019-04-07', 'nmcgrady7', '81.2.76.27');
insert into uk_group_user (group_user_id, user_id, group_id, status, tx_date, tx_username, tx_host) values (9, 26, 2, false, '2020-07-27', 'hrowlin8', '250.194.210.232');
insert into uk_group_user (group_user_id, user_id, group_id, status, tx_date, tx_username, tx_host) values (10, 21, 1, false, '2021-03-12', 'gdutnall9', '198.65.114.137');
insert into uk_group_user (group_user_id, user_id, group_id, status, tx_date, tx_username, tx_host) values (11, 2, 3, false, '2022-03-27', 'mborella', '194.140.180.27');
insert into uk_group_user (group_user_id, user_id, group_id, status, tx_date, tx_username, tx_host) values (12, 11, 1, false, '2021-12-16', 'fwoodlandb', '152.62.127.133');
insert into uk_group_user (group_user_id, user_id, group_id, status, tx_date, tx_username, tx_host) values (13, 21, 1, true, '2021-07-18', 'cmattussevichc', '138.40.99.179');
insert into uk_group_user (group_user_id, user_id, group_id, status, tx_date, tx_username, tx_host) values (14, 15, 2, true, '2022-02-13', 'cpotterd', '241.120.51.100');
insert into uk_group_user (group_user_id, user_id, group_id, status, tx_date, tx_username, tx_host) values (15, 30, 1, false, '2020-04-09', 'hcoppocke', '187.113.117.180');
insert into uk_group_user (group_user_id, user_id, group_id, status, tx_date, tx_username, tx_host) values (16, 2, 3, true, '2019-08-04', 'dbaskettf', '234.110.153.245');
insert into uk_group_user (group_user_id, user_id, group_id, status, tx_date, tx_username, tx_host) values (17, 9, 1, true, '2022-10-12', 'rbladeng', '71.81.90.228');
insert into uk_group_user (group_user_id, user_id, group_id, status, tx_date, tx_username, tx_host) values (18, 1, 4, true, '2020-04-21', 'mtembeyh', '157.29.58.98');
insert into uk_group_user (group_user_id, user_id, group_id, status, tx_date, tx_username, tx_host) values (19, 1, 1, false, '2021-09-26', 'afazackerleyi', '1.245.66.49');
insert into uk_group_user (group_user_id, user_id, group_id, status, tx_date, tx_username, tx_host) values (20, 1, 1, true, '2019-07-18', 'cskymej', '160.122.177.22');
insert into uk_group_user (group_user_id, user_id, group_id, status, tx_date, tx_username, tx_host) values (21, 1, 4, true, '2021-07-17', 'cgallichank', '220.0.169.232');
insert into uk_group_user (group_user_id, user_id, group_id, status, tx_date, tx_username, tx_host) values (22, 22, 4, true, '2019-04-15', 'jrolfl', '142.236.192.119');
insert into uk_group_user (group_user_id, user_id, group_id, status, tx_date, tx_username, tx_host) values (23, 15, 1, true, '2019-11-27', 'dhavillem', '143.252.250.205');
insert into uk_group_user (group_user_id, user_id, group_id, status, tx_date, tx_username, tx_host) values (24, 17, 1, true, '2021-07-03', 'ywolfingern', '64.191.158.242');
insert into uk_group_user (group_user_id, user_id, group_id, status, tx_date, tx_username, tx_host) values (25, 2, 2, false, '2020-10-23', 'fchristeneo', '160.90.151.105');
insert into uk_group_user (group_user_id, user_id, group_id, status, tx_date, tx_username, tx_host) values (26, 4, 3, true, '2021-01-02', 'bcorkerp', '30.241.98.19');
insert into uk_group_user (group_user_id, user_id, group_id, status, tx_date, tx_username, tx_host) values (27, 3, 4, false, '2019-05-11', 'bbranneyq', '12.244.197.1');
insert into uk_group_user (group_user_id, user_id, group_id, status, tx_date, tx_username, tx_host) values (28, 7, 1, false, '2020-11-24', 'vkondratenyar', '100.22.235.79');
insert into uk_group_user (group_user_id, user_id, group_id, status, tx_date, tx_username, tx_host) values (29, 22, 3, false, '2019-04-06', 'sstanbras', '36.199.15.249');
insert into uk_group_user (group_user_id, user_id, group_id, status, tx_date, tx_username, tx_host) values (30, 13, 2, true, '2021-10-13', 'kfordert', '10.118.111.45');


select user_id, user_name, name, last_name, password, email, phone,status, tx_date
    tx_username, tx_host
from
    uk_user;

SELECT role.role_id, role.name, role.description, role.status, role.tx_username, role.tx_host, role.tx_date
FROM uk_role role
         JOIN uk_role_group role_group ON role_group.role_id = role.role_id
         JOIN uk_group_user group_user ON group_user.group_id = role_group.group_id
         JOIN uk_user usr ON usr.user_id = group_user.user_id
WHERE
  role.status = true
  AND role_group.status = true
  AND group_user.status = true
  AND usr.status = true;

UPDATE uk_group_user
SET user_id=1 , group_id=1
WHERE group_user_id =1;